<ImportExportXml version="9.2.22072.186" SolutionPackageVersion="9.2" languagecode="1033" generatedBy="CrmLive" xmlns:xsi="http://www.w3.org/2001/XMLSchema-instance">
  <SolutionManifest>
    <UniqueName>ExportComponentse220976c02794015b5a58e6d361cbf0f</UniqueName>
    <LocalizedNames>
      <LocalizedName description="ExportComponentse220976c02794015b5a58e6d361cbf0f" languagecode="1033" />
    </LocalizedNames>
    <Descriptions />
    <Version>1.0</Version>
    <Managed>0</Managed>
    <Publisher>
      <UniqueName>Cr78b8d</UniqueName>
      <LocalizedNames>
        <LocalizedName description="CDS Default Publisher" languagecode="1033" />
      </LocalizedNames>
      <Descriptions />
      <EMailAddress xsi:nil="true"></EMailAddress>
      <SupportingWebsiteUrl xsi:nil="true"></SupportingWebsiteUrl>
      <CustomizationPrefix>cre39</CustomizationPrefix>
      <CustomizationOptionValuePrefix>12631</CustomizationOptionValuePrefix>
    </Publisher>
    <RootComponents>
      <RootComponent type="1" schemaName="cre39_assistancelevel" behavior="0" />
      <RootComponent type="1" schemaName="cre39_awi" behavior="0" />
      <RootComponent type="1" schemaName="cre39_beds" behavior="0" />
      <RootComponent type="1" schemaName="cre39_defaultnurseteam" behavior="2" />
      <RootComponent type="1" schemaName="cre39_defaultward" behavior="0" />
      <RootComponent type="1" schemaName="cre39_nurseteam" behavior="0" />
      <RootComponent type="1" schemaName="cre39_pudra" behavior="0" />
      <RootComponent type="1" schemaName="cre39_riskstate" behavior="0" />
      <RootComponent type="1" schemaName="cre39_testresultstate" behavior="0" />
      <RootComponent type="1" schemaName="cre39_wardbedmapping" behavior="0" />
      <RootComponent type="1" schemaName="cre39_wardfields" behavior="0" />
      <RootComponent type="1" schemaName="cre39_wards" behavior="0" />
      <RootComponent type="1" schemaName="cre39_wardtypes" behavior="0" />
      <RootComponent type="300" schemaName="cre39_wardhandovernhsscotland_0625d" behavior="0" />
    </RootComponents>
    <MissingDependencies>
      <MissingDependency>
        <Required type="1" schemaName="cre39_defaultnurseteam" displayName="Default Nurse Team" solution="Active" />
        <Dependent type="1" schemaName="cre39_defaultnurseteam" displayName="Default Nurse Team" />
      </MissingDependency>
    </MissingDependencies>
  </SolutionManifest>
</ImportExportXml>